feature,feature_type,source,allowed_primary_benchmark,missing_count,missing_rate,unique_count,cardinality,constant,near_constant,suspicious_id_like,review_note,value_counts_json,fraud_rate_by_value_json,rare_category_rows,mean,median,std,q05,q25,q75,q95,fraud_mean,fraud_median,non_fraud_mean,non_fraud_median
ea_score,numeric,in_house,True,408,0.21009268795056643,256,,False,False,False,,,,,421.14276401564535,500.0,324.4036344225147,76.65,97.0,704.0,965.0,690.62,895.0,270.520325203252,148.0
identity_rank,numeric,in_house,True,44,0.02265705458290422,382,,False,False,False,,,,,489.06164383561645,484.0,86.12666680344238,356.0,430.0,544.0,645.0,507.6986607142857,502.5,472.39620758483034,465.0
reputation_level,numeric,vendor,True,0,0.0,3,,False,False,False,,,,,1.0298661174047374,1.0,0.17620968550743216,1.0,1.0,1.0,1.0,1.0244941427050054,1.0,1.0348953140578265,1.0
volume_score,numeric,vendor,True,0,0.0,2,,False,False,False,,,,,1.1122554067971164,1.0,0.31576173309259736,1.0,1.0,1.0,2.0,1.0841320553780618,1.0,1.1385842472582253,1.0
result_number,numeric,vendor,True,0,0.0,30,,False,False,False,,,,,3.5998970133882597,1.0,4.581964058275167,1.0,1.0,5.0,13.0,4.3099041533546325,2.0,2.935194416749751,1.0
email_days,numeric,vendor,True,0,0.0,573,,False,False,False,,,,,635.1107106076211,116.0,859.0234313684286,0.0,81.0,1096.0,2514.749999999999,243.15015974440894,82.0,1002.0608175473579,794.0
is_valid,boolean,vendor,True,0,0.0,1,1.0,True,True,False,,"{""1.0"": 1942}","{""1.0"": 0.4835221421215242}",0.0,,,,,,,,,,,
is_connected,boolean,vendor,True,338,0.17404737384140062,1,1.0,False,False,False,,"{""1.0"": 1604, ""__MISSING__"": 338}","{""1.0"": 0.4077306733167082, ""__MISSING__"": 0.8431952662721893}",0.0,,,,,,,,,,,
personal_device,boolean,vendor,True,0,0.0,1,1.0,True,True,False,,"{""1.0"": 1942}","{""1.0"": 0.4835221421215242}",0.0,,,,,,,,,,,
receiving_mail,boolean,vendor,True,747,0.3846549948506694,2,2.0,False,False,False,,"{""0.0"": 120, ""1.0"": 1075, ""__MISSING__"": 747}","{""0.0"": 0.5416666666666666, ""1.0"": 0.521860465116279, ""__MISSING__"": 0.4190093708165997}",0.0,,,,,,,,,,,
area_code,categorical,in_house,True,0,0.0,256,256.0,False,False,False,,"{""201"": 7, ""202"": 22, ""203"": 23, ""205"": 14, ""206"": 12, ""207"": 16, ""208"": 12, ""209"": 4, ""210"": 7, ""212"": 11, ""213"": 1, ""214"": 15, ""215"": 11, ""216"": 4, ""217"": 2, ""218"": 5, ""219"": 1, ""225"": 4, ""228"": 1, ""229"": 1, ""231"": 3, ""239"": 6, ""240"": 3, ""248"": 13, ""251"": 1, ""253"": 7, ""254"": 7, ""256"": 4, ""262"": 12, ""269"": 4, ""270"": 4, ""276"": 1, ""281"": 10, ""301"": 32, ""302"": 7, ""303"": 28, ""304"": 12, ""305"": 14, ""307"": 1, ""308"": 1, ""309"": 2, ""310"": 16, ""312"": 8, ""313"": 1, ""314"": 11, ""315"": 5, ""316"": 8, ""317"": 7, ""318"": 3, ""319"": 6, ""321"": 6, ""323"": 11, ""325"": 3, ""330"": 10, ""334"": 6, ""336"": 4, ""337"": 4, ""347"": 3, ""352"": 7, ""360"": 8, ""386"": 3, ""401"": 6, ""402"": 11, ""404"": 13, ""405"": 18, ""406"": 10, ""407"": 24, ""408"": 5, ""409"": 1, ""410"": 29, ""412"": 4, ""413"": 2, ""414"": 3, ""415"": 16, ""417"": 6, ""419"": 4, ""423"": 3, ""425"": 10, ""432"": 2, ""434"": 4, ""435"": 2, ""440"": 12, ""443"": 9, ""469"": 4, ""478"": 2, ""479"": 9, ""480"": 18, ""484"": 3, ""501"": 9, ""502"": 10, ""503"": 18, ""504"": 4, ""505"": 9, ""507"": 5, ""508"": 20, ""509"": 3, ""510"": 13, ""512"": 14, ""513"": 12, ""515"": 5, ""516"": 14, ""517"": 7, ""518"": 10, ""520"": 4, ""530"": 5, ""540"": 10, ""541"": 18, ""559"": 6, ""561"": 12, ""562"": 3, ""563"": 2, ""570"": 11, ""571"": 3, ""573"": 5, ""574"": 2, ""575"": 1, ""580"": 3, ""585"": 3, ""586"": 3, ""601"": 9, ""602"": 17, ""603"": 9, ""605"": 4, ""606"": 1, ""607"": 2, ""608"": 3, ""609"": 8, ""610"": 19, ""612"": 5, ""614"": 10, ""615"": 6, ""616"": 5, ""617"": 15, ""618"": 22, ""619"": 9, ""620"": 5, ""623"": 4, ""626"": 5, ""630"": 14, ""631"": 12, ""636"": 3, ""641"": 2, ""646"": 2, ""650"": 8, ""651"": 9, ""660"": 2, ""661"": 8, ""662"": 2, ""678"": 10, ""682"": 2, ""701"": 1, ""702"": 16, ""703"": 17, ""704"": 12, ""706"": 13, ""707"": 8, ""708"": 6, ""712"": 3, ""713"": 8, ""714"": 12, ""715"": 8, ""716"": 6, ""717"": 14, ""718"": 11, ""719"": 7, ""720"": 6, ""724"": 5, ""727"": 5, ""732"": 5, ""734"": 6, ""740"": 5, ""757"": 19, ""760"": 8, ""763"": 4, ""765"": 2, ""770"": 9, ""772"": 2, ""773"": 2, ""774"": 1, ""775"": 5, ""781"": 15, ""785"": 6, ""786"": 1, ""787"": 1, ""800"": 3, ""801"": 18, ""802"": 7, ""803"": 9, ""804"": 8, ""805"": 15, ""806"": 3, ""808"": 8, ""810"": 1, ""812"": 4, ""813"": 9, ""814"": 2, ""815"": 10, ""816"": 5, ""817"": 18, ""818"": 24, ""828"": 9, ""830"": 4, ""831"": 11, ""832"": 7, ""843"": 10, ""845"": 7, ""847"": 13, ""850"": 5, ""855"": 1, ""856"": 8, ""858"": 10, ""859"": 5, ""860"": 13, ""862"": 2, ""863"": 2, ""864"": 7, ""865"": 3, ""870"": 7, ""877"": 1, ""901"": 6, ""903"": 7, ""904"": 10, ""906"": 1, ""907"": 4, ""908"": 10, ""909"": 5, ""910"": 7, ""912"": 3, ""913"": 6, ""914"": 5, ""915"": 1, ""916"": 11, ""917"": 11, ""918"": 3, ""919"": 12, ""920"": 4, ""925"": 8, ""928"": 7, ""931"": 1, ""936"": 4, ""937"": 5, ""940"": 4, ""941"": 8, ""949"": 17, ""951"": 2, ""952"": 14, ""954"": 15, ""956"": 3, ""970"": 7, ""971"": 1, ""972"": 12, ""973"": 6, ""978"": 10, ""979"": 1, ""985"": 4, ""989"": 8}","{""201"": 0.7142857142857143, ""202"": 0.6818181818181818, ""203"": 0.6956521739130435, ""205"": 0.6428571428571429, ""206"": 0.25, ""207"": 0.5625, ""208"": 0.25, ""209"": 0.25, ""210"": 0.5714285714285714, ""212"": 0.7272727272727273, ""213"": 0.0, ""214"": 0.4, ""215"": 0.36363636363636365, ""216"": 0.25, ""217"": 1.0, ""218"": 0.8, ""219"": 0.0, ""225"": 0.25, ""228"": 1.0, ""229"": 1.0, ""231"": 0.3333333333333333, ""239"": 0.3333333333333333, ""240"": 0.3333333333333333, ""248"": 0.6923076923076923, ""251"": 1.0, ""253"": 0.0, ""254"": 0.2857142857142857, ""256"": 0.5, ""262"": 0.5833333333333334, ""269"": 0.75, ""270"": 0.5, ""276"": 1.0, ""281"": 0.3, ""301"": 0.84375, ""302"": 0.42857142857142855, ""303"": 0.42857142857142855, ""304"": 0.5833333333333334, ""305"": 0.5, ""307"": 0.0, ""308"": 1.0, ""309"": 0.5, ""310"": 0.5, ""312"": 0.375, ""313"": 0.0, ""314"": 0.5454545454545454, ""315"": 0.4, ""316"": 0.625, ""317"": 0.14285714285714285, ""318"": 0.6666666666666666, ""319"": 0.8333333333333334, ""321"": 0.3333333333333333, ""323"": 0.36363636363636365, ""325"": 0.3333333333333333, ""330"": 0.4, ""334"": 0.6666666666666666, ""336"": 0.5, ""337"": 0.25, ""347"": 0.3333333333333333, ""352"": 0.14285714285714285, ""360"": 0.125, ""386"": 0.3333333333333333, ""401"": 0.5, ""402"": 0.6363636363636364, ""404"": 0.5384615384615384, ""405"": 0.6666666666666666, ""406"": 0.6, ""407"": 0.5, ""408"": 0.8, ""409"": 0.0, ""410"": 0.6896551724137931, ""412"": 1.0, ""413"": 0.5, ""414"": 0.3333333333333333, ""415"": 0.5, ""417"": 0.5, ""419"": 0.5, ""423"": 0.6666666666666666, ""425"": 0.4, ""432"": 0.5, ""434"": 0.25, ""435"": 1.0, ""440"": 0.75, ""443"": 0.2222222222222222, ""469"": 0.5, ""478"": 0.5, ""479"": 0.5555555555555556, ""480"": 0.2777777777777778, ""484"": 0.3333333333333333, ""501"": 0.4444444444444444, ""502"": 0.5, ""503"": 0.5, ""504"": 0.5, ""505"": 0.3333333333333333, ""507"": 0.6, ""508"": 0.4, ""509"": 0.3333333333333333, ""510"": 0.5384615384615384, ""512"": 0.35714285714285715, ""513"": 0.5, ""515"": 0.4, ""516"": 0.5714285714285714, ""517"": 0.7142857142857143, ""518"": 0.4, ""520"": 0.5, ""530"": 0.6, ""540"": 0.4, ""541"": 0.5, ""559"": 0.16666666666666666, ""561"": 0.25, ""562"": 0.6666666666666666, ""563"": 0.5, ""570"": 0.45454545454545453, ""571"": 0.3333333333333333, ""573"": 0.6, ""574"": 1.0, ""575"": 1.0, ""580"": 0.6666666666666666, ""585"": 0.0, ""586"": 0.6666666666666666, ""601"": 0.3333333333333333, ""602"": 0.29411764705882354, ""603"": 0.4444444444444444, ""605"": 0.5, ""606"": 0.0, ""607"": 0.5, ""608"": 0.3333333333333333, ""609"": 0.5, ""610"": 0.3684210526315789, ""612"": 0.2, ""614"": 0.7, ""615"": 0.6666666666666666, ""616"": 0.6, ""617"": 0.4666666666666667, ""618"": 0.8636363636363636, ""619"": 0.3333333333333333, ""620"": 0.4, ""623"": 0.75, ""626"": 0.2, ""630"": 0.42857142857142855, ""631"": 0.5, ""636"": 1.0, ""641"": 0.5, ""646"": 0.0, ""650"": 0.625, ""651"": 0.6666666666666666, ""660"": 0.5, ""661"": 0.75, ""662"": 0.5, ""678"": 0.3, ""682"": 0.0, ""701"": 0.0, ""702"": 0.6875, ""703"": 0.6470588235294118, ""704"": 0.6666666666666666, ""706"": 0.3076923076923077, ""707"": 0.5, ""708"": 0.3333333333333333, ""712"": 0.3333333333333333, ""713"": 0.5, ""714"": 0.4166666666666667, ""715"": 0.75, ""716"": 0.5, ""717"": 0.7857142857142857, ""718"": 0.6363636363636364, ""719"": 0.42857142857142855, ""720"": 0.0, ""724"": 0.8, ""727"": 0.2, ""732"": 0.6, ""734"": 0.6666666666666666, ""740"": 0.4, ""757"": 0.5263157894736842, ""760"": 0.375, ""763"": 0.75, ""765"": 0.5, ""770"": 0.5555555555555556, ""772"": 0.0, ""773"": 1.0, ""774"": 1.0, ""775"": 0.2, ""781"": 0.5333333333333333, ""785"": 0.3333333333333333, ""786"": 1.0, ""787"": 0.0, ""800"": 0.0, ""801"": 0.3333333333333333, ""802"": 0.42857142857142855, ""803"": 0.5555555555555556, ""804"": 0.375, ""805"": 0.3333333333333333, ""806"": 0.3333333333333333, ""808"": 0.5, ""810"": 1.0, ""812"": 0.5, ""813"": 0.5555555555555556, ""814"": 0.5, ""815"": 0.6, ""816"": 0.6, ""817"": 0.16666666666666666, ""818"": 0.6666666666666666, ""828"": 0.3333333333333333, ""830"": 0.5, ""831"": 0.0, ""832"": 0.14285714285714285, ""843"": 0.3, ""845"": 0.42857142857142855, ""847"": 0.46153846153846156, ""850"": 0.6, ""855"": 0.0, ""856"": 0.375, ""858"": 0.6, ""859"": 0.2, ""860"": 0.6153846153846154, ""862"": 0.0, ""863"": 0.5, ""864"": 0.5714285714285714, ""865"": 0.3333333333333333, ""870"": 0.7142857142857143, ""877"": 1.0, ""901"": 0.3333333333333333, ""903"": 0.42857142857142855, ""904"": 0.2, ""906"": 0.0, ""907"": 0.75, ""908"": 0.4, ""909"": 0.6, ""910"": 0.0, ""912"": 0.0, ""913"": 0.3333333333333333, ""914"": 0.6, ""915"": 0.0, ""916"": 0.6363636363636364, ""917"": 0.36363636363636365, ""918"": 0.6666666666666666, ""919"": 0.4166666666666667, ""920"": 0.5, ""925"": 0.5, ""928"": 0.42857142857142855, ""931"": 0.0, ""936"": 0.0, ""937"": 0.8, ""940"": 0.25, ""941"": 0.5, ""949"": 0.23529411764705882, ""951"": 1.0, ""952"": 0.7142857142857143, ""954"": 0.26666666666666666, ""956"": 0.3333333333333333, ""970"": 0.42857142857142855, ""971"": 0.0, ""972"": 0.5, ""973"": 0.3333333333333333, ""978"": 0.5, ""979"": 0.0, ""985"": 0.25, ""989"": 0.625}",1718.0,,,,,,,,,,,
device_browser_type,categorical,in_house,True,440,0.22657054582904224,12,12.0,False,False,False,,"{""CHROME"": 678, ""CRAZY BROWSER "": 1, ""EDGE"": 4, ""FIREFOX"": 314, ""ICEWEASEL"": 1, ""INTERNET EXPLORER"": 187, ""MOBILE"": 46, ""MOBILE SAFARI"": 2, ""NETSCAPE"": 22, ""SAFARI"": 110, ""SAMSUNGBROWSER"": 3, ""TRIDENT"": 134, ""__MISSING__"": 440}","{""CHROME"": 0.5693215339233039, ""CRAZY BROWSER "": 1.0, ""EDGE"": 0.25, ""FIREFOX"": 0.7802547770700637, ""ICEWEASEL"": 1.0, ""INTERNET EXPLORER"": 0.11229946524064172, ""MOBILE"": 0.2391304347826087, ""MOBILE SAFARI"": 0.0, ""NETSCAPE"": 0.045454545454545456, ""SAFARI"": 0.21818181818181817, ""SAMSUNGBROWSER"": 0.6666666666666666, ""TRIDENT"": 0.5298507462686567, ""__MISSING__"": 0.3977272727272727}",11.0,,,,,,,,,,,
ip_address_loc_country,categorical,in_house,True,401,0.20648815653964986,3,3.0,False,False,False,,"{""NETHERLANDS"": 1, ""NIGERIA"": 2, ""UNITED STATES"": 1538, ""__MISSING__"": 401}","{""NETHERLANDS"": 1.0, ""NIGERIA"": 1.0, ""UNITED STATES"": 0.5006501950585176, ""__MISSING__"": 0.4139650872817955}",3.0,,,,,,,,,,,
type,categorical,vendor,True,0,0.0,6,6.0,False,False,False,,"{""0"": 22, ""F"": 320, ""L"": 561, ""M"": 892, ""N"": 142, ""T"": 5}","{""0"": 0.8636363636363636, ""F"": 0.578125, ""L"": 0.7272727272727273, ""M"": 0.29596412556053814, ""N"": 0.43661971830985913, ""T"": 0.2}",5.0,,,,,,,,,,,
