model,trial_number,state,cv_mean_pr_auc,cv_pr_auc_std,parameters_json,param_n_estimators,param_learning_rate,param_max_depth,param_min_child_weight,param_subsample,param_colsample_bytree,param_gamma,param_reg_alpha,param_reg_lambda,param_iterations,param_depth,param_l2_leaf_reg,param_random_strength,param_bagging_temperature
xgboost,0,COMPLETE,0.9446188208769353,0.007537526835477058,"{""colsample_bytree"": 0.662397808134481, ""gamma"": 0.2904180608409973, ""learning_rate"": 0.17254716573280354, ""max_depth"": 7, ""min_child_weight"": 6, ""n_estimators"": 500, ""reg_alpha"": 2.1423021757741068, ""reg_lambda"": 0.3849583075868115, ""subsample"": 0.6624074561769746}",500.0,0.17254716573280354,7.0,6.0,0.6624074561769746,0.662397808134481,0.2904180608409973,2.1423021757741068,0.3849583075868115,,,,,
xgboost,1,COMPLETE,0.9464146994333209,0.01246690513157277,"{""colsample_bytree"": 0.6727299868828402, ""gamma"": 0.9170225492671691, ""learning_rate"": 0.010636066512540286, ""max_depth"": 8, ""min_child_weight"": 9, ""n_estimators"": 800, ""reg_alpha"": 0.0033205591037519565, ""reg_lambda"": 0.18071456341395586, ""subsample"": 0.6849356442713105}",800.0,0.010636066512540286,8.0,9.0,0.6849356442713105,0.6727299868828402,0.9170225492671691,0.0033205591037519565,0.18071456341395586,,,,,
xgboost,2,COMPLETE,0.9515984703283259,0.010855029729177443,"{""colsample_bytree"": 0.7465447373174767, ""gamma"": 2.28034992108518, ""learning_rate"": 0.023927528765580644, ""max_depth"": 6, ""min_child_weight"": 2, ""n_estimators"": 550, ""reg_alpha"": 0.8431013932082461, ""reg_lambda"": 0.007224419004573213, ""subsample"": 0.7168578594140873}",550.0,0.023927528765580644,6.0,2.0,0.7168578594140873,0.7465447373174767,2.28034992108518,0.8431013932082461,0.007224419004573213,,,,,
xgboost,3,COMPLETE,0.9294548150376558,0.017088752118156966,"{""colsample_bytree"": 0.6260206371941118, ""gamma"": 4.7444276862666666, ""learning_rate"": 0.05898602410432694, ""max_depth"": 3, ""min_child_weight"": 7, ""n_estimators"": 600, ""reg_alpha"": 6.732248920775331, ""reg_lambda"": 2.9987567784441875, ""subsample"": 0.6682096494749166}",600.0,0.05898602410432694,3.0,7.0,0.6682096494749166,0.6260206371941118,4.7444276862666666,6.732248920775331,2.9987567784441875,,,,,
xgboost,4,COMPLETE,0.9468686962686437,0.012029444168658008,"{""colsample_bytree"": 0.798070764044508, ""gamma"": 0.17194260557609198, ""learning_rate"": 0.013399060561509796, ""max_depth"": 7, ""min_child_weight"": 5, ""n_estimators"": 450, ""reg_alpha"": 3.5204810455260365, ""reg_lambda"": 0.01297240393071079, ""subsample"": 0.6488152939379115}",450.0,0.013399060561509796,7.0,5.0,0.6488152939379115,0.798070764044508,0.17194260557609198,3.5204810455260365,0.01297240393071079,,,,,
xgboost,5,COMPLETE,0.9299075183221392,0.016588723051306986,"{""colsample_bytree"": 0.9878338511058234, ""gamma"": 3.8756641168055728, ""learning_rate"": 0.02544166090938368, ""max_depth"": 6, ""min_child_weight"": 6, ""n_estimators"": 750, ""reg_alpha"": 4.9830438374949075, ""reg_lambda"": 7.057961339161952, ""subsample"": 0.6739417822102108}",750.0,0.02544166090938368,6.0,6.0,0.6739417822102108,0.9878338511058234,3.8756641168055728,4.9830438374949075,7.057961339161952,,,,,
xgboost,6,COMPLETE,0.9501827197270785,0.008636872820789256,"{""colsample_bytree"": 0.7301321323053057, ""gamma"": 1.9433864484474102, ""learning_rate"": 0.15826541904647565, ""max_depth"": 3, ""min_child_weight"": 2, ""n_estimators"": 700, ""reg_alpha"": 0.002273762810253686, ""reg_lambda"": 3.6679624869306977, ""subsample"": 0.6180909155642152}",700.0,0.15826541904647565,3.0,2.0,0.6180909155642152,0.7301321323053057,1.9433864484474102,0.002273762810253686,3.6679624869306977,,,,,
xgboost,7,COMPLETE,0.947132196925652,0.013002204540124533,"{""colsample_bytree"": 0.6298202574719083, ""gamma"": 4.9344346830025865, ""learning_rate"": 0.023200867504756827, ""max_depth"": 6, ""min_child_weight"": 2, ""n_estimators"": 500, ""reg_alpha"": 0.7264803074826727, ""reg_lambda"": 0.007156194022692475, ""subsample"": 0.9208787923016158}",500.0,0.023200867504756827,6.0,2.0,0.9208787923016158,0.6298202574719083,4.9344346830025865,0.7264803074826727,0.007156194022692475,,,,,
xgboost,8,COMPLETE,0.944925736639757,0.013216695117474898,"{""colsample_bytree"": 0.6296178606936361, ""gamma"": 1.7923286427213632, ""learning_rate"": 0.11506408247250169, ""max_depth"": 7, ""min_child_weight"": 8, ""n_estimators"": 200, ""reg_alpha"": 0.00037961668958008145, ""reg_lambda"": 5.15505999557513, ""subsample"": 0.9085081386743783}",200.0,0.11506408247250169,7.0,8.0,0.9085081386743783,0.6296178606936361,1.7923286427213632,0.00037961668958008145,5.15505999557513,,,,,
xgboost,9,COMPLETE,0.9398763565623405,0.015949948521216166,"{""colsample_bytree"": 0.8918424713352255, ""gamma"": 3.1877873567760657, ""learning_rate"": 0.026946865572417687, ""max_depth"": 3, ""min_child_weight"": 4, ""n_estimators"": 700, ""reg_alpha"": 2.7293781650374753, ""reg_lambda"": 0.10740155209032688, ""subsample"": 0.7300733288106989}",700.0,0.026946865572417687,3.0,4.0,0.7300733288106989,0.8918424713352255,3.1877873567760657,2.7293781650374753,0.10740155209032688,,,,,
xgboost,10,COMPLETE,0.9460786866044776,0.014529400554769945,"{""colsample_bytree"": 0.830083226726109, ""gamma"": 2.7363391555997434, ""learning_rate"": 0.057392139471489155, ""max_depth"": 5, ""min_child_weight"": 10, ""n_estimators"": 1000, ""reg_alpha"": 0.09311257629928524, ""reg_lambda"": 0.00167374933691122, ""subsample"": 0.8102109831542077}",1000.0,0.057392139471489155,5.0,10.0,0.8102109831542077,0.830083226726109,2.7363391555997434,0.09311257629928524,0.00167374933691122,,,,,
xgboost,11,COMPLETE,0.9422692661746093,0.014168692182396794,"{""colsample_bytree"": 0.7370063974951027, ""gamma"": 1.9610630999381886, ""learning_rate"": 0.07860697841677766, ""max_depth"": 4, ""min_child_weight"": 1, ""n_estimators"": 300, ""reg_alpha"": 0.02254172277786017, ""reg_lambda"": 19.48683188295339, ""subsample"": 0.7737425087025644}",300.0,0.07860697841677766,4.0,1.0,0.7737425087025644,0.7370063974951027,1.9610630999381886,0.02254172277786017,19.48683188295339,,,,,
xgboost,12,COMPLETE,0.9490344411718048,0.009039554510618294,"{""colsample_bytree"": 0.7407245842967923, ""gamma"": 1.8424322633577441, ""learning_rate"": 0.16467465081927424, ""max_depth"": 4, ""min_child_weight"": 3, ""n_estimators"": 900, ""reg_alpha"": 0.00014720732627022265, ""reg_lambda"": 0.5958063832204389, ""subsample"": 0.6083722002970473}",900.0,0.16467465081927424,4.0,3.0,0.6083722002970473,0.7407245842967923,1.8424322633577441,0.00014720732627022265,0.5958063832204389,,,,,
xgboost,13,COMPLETE,0.9532460675688721,0.010221409875142974,"{""colsample_bytree"": 0.7371303839678691, ""gamma"": 2.7534578556254363, ""learning_rate"": 0.04254033663089104, ""max_depth"": 5, ""min_child_weight"": 1, ""n_estimators"": 650, ""reg_alpha"": 0.12222917194266188, ""reg_lambda"": 0.021551594821793474, ""subsample"": 0.6011006228450518}",650.0,0.04254033663089104,5.0,1.0,0.6011006228450518,0.7371303839678691,2.7534578556254363,0.12222917194266188,0.021551594821793474,,,,,
xgboost,14,COMPLETE,0.9514200275291221,0.011169011005560649,"{""colsample_bytree"": 0.8124496121405841, ""gamma"": 2.9623050680955565, ""learning_rate"": 0.03319827082760567, ""max_depth"": 5, ""min_child_weight"": 1, ""n_estimators"": 400, ""reg_alpha"": 0.2791123895905838, ""reg_lambda"": 0.023987569296546187, ""subsample"": 0.8524337374155859}",400.0,0.03319827082760567,5.0,1.0,0.8524337374155859,0.8124496121405841,2.9623050680955565,0.2791123895905838,0.023987569296546187,,,,,
xgboost,15,COMPLETE,0.9512849564568293,0.010262036376985695,"{""colsample_bytree"": 0.8759347993734068, ""gamma"": 3.6558473706160033, ""learning_rate"": 0.04450806990992636, ""max_depth"": 5, ""min_child_weight"": 3, ""n_estimators"": 600, ""reg_alpha"": 0.03742538917760232, ""reg_lambda"": 0.0015693749731198379, ""subsample"": 0.7406086632532847}",600.0,0.04450806990992636,5.0,3.0,0.7406086632532847,0.8759347993734068,3.6558473706160033,0.03742538917760232,0.0015693749731198379,,,,,
xgboost,16,COMPLETE,0.9530534674169366,0.010465790104858144,"{""colsample_bytree"": 0.7031378292870405, ""gamma"": 2.3777183437849847, ""learning_rate"": 0.015384671546585056, ""max_depth"": 6, ""min_child_weight"": 1, ""n_estimators"": 600, ""reg_alpha"": 0.3435361093525031, ""reg_lambda"": 0.04477031393133304, ""subsample"": 0.7311941285873849}",600.0,0.015384671546585056,6.0,1.0,0.7311941285873849,0.7031378292870405,2.3777183437849847,0.3435361093525031,0.04477031393133304,,,,,
xgboost,17,COMPLETE,0.952746975000221,0.010701121611554067,"{""colsample_bytree"": 0.6941848130425736, ""gamma"": 1.1142562304519625, ""learning_rate"": 0.015781047116596343, ""max_depth"": 4, ""min_child_weight"": 1, ""n_estimators"": 350, ""reg_alpha"": 0.14665035349091426, ""reg_lambda"": 0.04095075400879406, ""subsample"": 0.8505915654206465}",350.0,0.015781047116596343,4.0,1.0,0.8505915654206465,0.6941848130425736,1.1142562304519625,0.14665035349091426,0.04095075400879406,,,,,
xgboost,18,COMPLETE,0.9504706137094553,0.010760535533171592,"{""colsample_bytree"": 0.7829744778394669, ""gamma"": 4.093784190410645, ""learning_rate"": 0.01733038089254863, ""max_depth"": 8, ""min_child_weight"": 3, ""n_estimators"": 850, ""reg_alpha"": 0.010981917198737458, ""reg_lambda"": 0.06526715700440985, ""subsample"": 0.771896366264789}",850.0,0.01733038089254863,8.0,3.0,0.771896366264789,0.7829744778394669,4.093784190410645,0.010981917198737458,0.06526715700440985,,,,,
xgboost,19,COMPLETE,0.9518529327332906,0.01051152506733602,"{""colsample_bytree"": 0.6964015843587041, ""gamma"": 2.491025122658857, ""learning_rate"": 0.03615581608890234, ""max_depth"": 6, ""min_child_weight"": 4, ""n_estimators"": 650, ""reg_alpha"": 0.382608898215619, ""reg_lambda"": 0.0036055345107021846, ""subsample"": 0.8388049554799256}",650.0,0.03615581608890234,6.0,4.0,0.8388049554799256,0.6964015843587041,2.491025122658857,0.382608898215619,0.0036055345107021846,,,,,
xgboost,20,COMPLETE,0.9497582401808261,0.010822737739773665,"{""colsample_bytree"": 0.8559370287924123, ""gamma"": 3.2611095225365703, ""learning_rate"": 0.09191517672520012, ""max_depth"": 5, ""min_child_weight"": 1, ""n_estimators"": 1000, ""reg_alpha"": 0.05157818374124238, ""reg_lambda"": 1.209567881163348, ""subsample"": 0.993422802859038}",1000.0,0.09191517672520012,5.0,1.0,0.993422802859038,0.8559370287924123,3.2611095225365703,0.05157818374124238,1.209567881163348,,,,,
xgboost,21,COMPLETE,0.9524639742633019,0.010644133924810858,"{""colsample_bytree"": 0.7013439989275732, ""gamma"": 1.2301414659282912, ""learning_rate"": 0.01631216454734748, ""max_depth"": 4, ""min_child_weight"": 1, ""n_estimators"": 350, ""reg_alpha"": 0.1729308605670743, ""reg_lambda"": 0.03680235085867298, ""subsample"": 0.8801151332999178}",350.0,0.01631216454734748,4.0,1.0,0.8801151332999178,0.7013439989275732,1.2301414659282912,0.1729308605670743,0.03680235085867298,,,,,
xgboost,22,COMPLETE,0.9504465067988391,0.011307054120863828,"{""colsample_bytree"": 0.6825855893652275, ""gamma"": 1.203538805551276, ""learning_rate"": 0.01080728034767483, ""max_depth"": 4, ""min_child_weight"": 2, ""n_estimators"": 250, ""reg_alpha"": 0.1277768031813471, ""reg_lambda"": 0.032663681122391534, ""subsample"": 0.9819856814030353}",250.0,0.01080728034767483,4.0,2.0,0.9819856814030353,0.6825855893652275,1.203538805551276,0.1277768031813471,0.032663681122391534,,,,,
xgboost,23,COMPLETE,0.9526026090017338,0.010128124822964981,"{""colsample_bytree"": 0.7688200438340201, ""gamma"": 0.7240603924304303, ""learning_rate"": 0.016621467939842094, ""max_depth"": 5, ""min_child_weight"": 1, ""n_estimators"": 400, ""reg_alpha"": 0.012901585027314293, ""reg_lambda"": 0.2088787130253472, ""subsample"": 0.9466338697710561}",400.0,0.016621467939842094,5.0,1.0,0.9466338697710561,0.7688200438340201,0.7240603924304303,0.012901585027314293,0.2088787130253472,,,,,
xgboost,24,COMPLETE,0.951435193024946,0.009849910964894132,"{""colsample_bytree"": 0.7130626971509172, ""gamma"": 1.5587210660876734, ""learning_rate"": 0.01869537751985799, ""max_depth"": 4, ""min_child_weight"": 2, ""n_estimators"": 600, ""reg_alpha"": 0.9451155103487738, ""reg_lambda"": 0.06262584085722459, ""subsample"": 0.795522553524041}",600.0,0.01869537751985799,4.0,2.0,0.795522553524041,0.7130626971509172,1.5587210660876734,0.9451155103487738,0.06262584085722459,,,,,
xgboost,25,COMPLETE,0.9521440049512948,0.010569318312823907,"{""colsample_bytree"": 0.6005898057363378, ""gamma"": 2.390310897251647, ""learning_rate"": 0.013143006524375594, ""max_depth"": 6, ""min_child_weight"": 3, ""n_estimators"": 500, ""reg_alpha"": 0.27452651152355473, ""reg_lambda"": 0.01450194613395391, ""subsample"": 0.6949833478162221}",500.0,0.013143006524375594,6.0,3.0,0.6949833478162221,0.6005898057363378,2.390310897251647,0.27452651152355473,0.01450194613395391,,,,,
xgboost,26,COMPLETE,0.9480858268362089,0.007654753890784654,"{""colsample_bytree"": 0.6568483094319773, ""gamma"": 0.6326134468561784, ""learning_rate"": 0.03650417109223908, ""max_depth"": 5, ""min_child_weight"": 1, ""n_estimators"": 700, ""reg_alpha"": 0.08977967743876838, ""reg_lambda"": 0.005258632186196756, ""subsample"": 0.6402593094147623}",700.0,0.03650417109223908,5.0,1.0,0.6402593094147623,0.6568483094319773,0.6326134468561784,0.08977967743876838,0.005258632186196756,,,,,
xgboost,27,COMPLETE,0.9496568195140644,0.011120459905156622,"{""colsample_bytree"": 0.7713074268877631, ""gamma"": 3.4888110017288043, ""learning_rate"": 0.020243542361435, ""max_depth"": 4, ""min_child_weight"": 2, ""n_estimators"": 300, ""reg_alpha"": 0.00417795420011892, ""reg_lambda"": 0.07275670561770138, ""subsample"": 0.7488621218277183}",300.0,0.020243542361435,4.0,2.0,0.7488621218277183,0.7713074268877631,3.4888110017288043,0.00417795420011892,0.07275670561770138,,,,,
xgboost,28,COMPLETE,0.9495704865667879,0.011621544673625984,"{""colsample_bytree"": 0.7094879591581249, ""gamma"": 2.728926539233402, ""learning_rate"": 0.012939331454752826, ""max_depth"": 7, ""min_child_weight"": 4, ""n_estimators"": 800, ""reg_alpha"": 1.2020096720240943, ""reg_lambda"": 0.01665449422768519, ""subsample"": 0.852633392118407}",800.0,0.012939331454752826,7.0,4.0,0.852633392118407,0.7094879591581249,2.728926539233402,1.2020096720240943,0.01665449422768519,,,,,
xgboost,29,COMPLETE,0.948541496070583,0.00836938584262084,"{""colsample_bytree"": 0.6521577298957782, ""gamma"": 0.4490831024557218, ""learning_rate"": 0.050487284421852636, ""max_depth"": 6, ""min_child_weight"": 1, ""n_estimators"": 500, ""reg_alpha"": 0.3680038131568544, ""reg_lambda"": 0.38164120130977064, ""subsample"": 0.7068358508758412}",500.0,0.050487284421852636,6.0,1.0,0.7068358508758412,0.6521577298957782,0.4490831024557218,0.3680038131568544,0.38164120130977064,,,,,
xgboost,30,COMPLETE,0.9518813002174031,0.010531470421387279,"{""colsample_bytree"": 0.928105658304223, ""gamma"": 2.182236489954224, ""learning_rate"": 0.03218774751742432, ""max_depth"": 5, ""min_child_weight"": 3, ""n_estimators"": 200, ""reg_alpha"": 0.05316396000388771, ""reg_lambda"": 0.16439439379069287, ""subsample"": 0.8251867852889606}",200.0,0.03218774751742432,5.0,3.0,0.8251867852889606,0.928105658304223,2.182236489954224,0.05316396000388771,0.16439439379069287,,,,,
xgboost,31,COMPLETE,0.9524398874851807,0.010503982156502441,"{""colsample_bytree"": 0.7642814320522608, ""gamma"": 0.8050710492719759, ""learning_rate"": 0.01585179783151567, ""max_depth"": 5, ""min_child_weight"": 1, ""n_estimators"": 400, ""reg_alpha"": 0.01915695656161531, ""reg_lambda"": 0.3350424339821932, ""subsample"": 0.9549261130424387}",400.0,0.01585179783151567,5.0,1.0,0.9549261130424387,0.7642814320522608,0.8050710492719759,0.01915695656161531,0.3350424339821932,,,,,
xgboost,32,COMPLETE,0.9522640648841296,0.010296860854417268,"{""colsample_bytree"": 0.7607831653158241, ""gamma"": 1.2258388140191152, ""learning_rate"": 0.010994451600888695, ""max_depth"": 5, ""min_child_weight"": 2, ""n_estimators"": 350, ""reg_alpha"": 0.002096073507295908, ""reg_lambda"": 0.17013337004374512, ""subsample"": 0.9433198259844737}",350.0,0.010994451600888695,5.0,2.0,0.9433198259844737,0.7607831653158241,1.2258388140191152,0.002096073507295908,0.17013337004374512,,,,,
xgboost,33,COMPLETE,0.9516880086737848,0.010676108378121697,"{""colsample_bytree"": 0.669219583303473, ""gamma"": 0.07345094005311026, ""learning_rate"": 0.020997694818856306, ""max_depth"": 6, ""min_child_weight"": 1, ""n_estimators"": 450, ""reg_alpha"": 0.000985453436587782, ""reg_lambda"": 0.043491252825971785, ""subsample"": 0.903148726894851}",450.0,0.020997694818856306,6.0,1.0,0.903148726894851,0.669219583303473,0.07345094005311026,0.000985453436587782,0.043491252825971785,,,,,
xgboost,34,COMPLETE,0.9521027071176114,0.00852240636990689,"{""colsample_bytree"": 0.7182911211194232, ""gamma"": 0.9612558714669839, ""learning_rate"": 0.015466737269575976, ""max_depth"": 4, ""min_child_weight"": 2, ""n_estimators"": 650, ""reg_alpha"": 0.010223625522651577, ""reg_lambda"": 0.10758277154525471, ""subsample"": 0.8773394984414487}",650.0,0.015466737269575976,4.0,2.0,0.8773394984414487,0.7182911211194232,0.9612558714669839,0.010223625522651577,0.10758277154525471,,,,,
xgboost,35,COMPLETE,0.9484767104485012,0.01282209330990377,"{""colsample_bytree"": 0.7954733803244599, ""gamma"": 1.483161806059162, ""learning_rate"": 0.028382619758125602, ""max_depth"": 3, ""min_child_weight"": 1, ""n_estimators"": 400, ""reg_alpha"": 1.7725122096733315, ""reg_lambda"": 0.8082145614266384, ""subsample"": 0.9665812728620131}",400.0,0.028382619758125602,3.0,1.0,0.9665812728620131,0.7954733803244599,1.483161806059162,1.7725122096733315,0.8082145614266384,,,,,
xgboost,36,COMPLETE,0.9485602712031749,0.012308916134831187,"{""colsample_bytree"": 0.6851376051595531, ""gamma"": 4.268381767504691, ""learning_rate"": 0.010334334289057806, ""max_depth"": 6, ""min_child_weight"": 2, ""n_estimators"": 550, ""reg_alpha"": 0.007042564975514964, ""reg_lambda"": 0.019402611409305985, ""subsample"": 0.6346067762476312}",550.0,0.010334334289057806,6.0,2.0,0.6346067762476312,0.6851376051595531,4.268381767504691,0.007042564975514964,0.019402611409305985,,,,,
xgboost,37,COMPLETE,0.9508628175938014,0.009135806770717205,"{""colsample_bytree"": 0.756934563125491, ""gamma"": 0.30372928367324076, ""learning_rate"": 0.013556690483750916, ""max_depth"": 8, ""min_child_weight"": 1, ""n_estimators"": 550, ""reg_alpha"": 0.5239102792304452, ""reg_lambda"": 0.2533849162166126, ""subsample"": 0.6680212992540302}",550.0,0.013556690483750916,8.0,1.0,0.6680212992540302,0.756934563125491,0.30372928367324076,0.5239102792304452,0.2533849162166126,,,,,
xgboost,38,COMPLETE,0.9522337316256705,0.010275074456790177,"{""colsample_bytree"": 0.7277920384427395, ""gamma"": 0.5729099974474956, ""learning_rate"": 0.022327106075954478, ""max_depth"": 5, ""min_child_weight"": 3, ""n_estimators"": 300, ""reg_alpha"": 0.023484008410214415, ""reg_lambda"": 0.009065642419288296, ""subsample"": 0.769121587482435}",300.0,0.022327106075954478,5.0,3.0,0.769121587482435,0.7277920384427395,0.5729099974474956,0.023484008410214415,0.009065642419288296,,,,,
xgboost,39,COMPLETE,0.9525998899531254,0.009787087087976772,"{""colsample_bytree"": 0.8293145149634933, ""gamma"": 2.6453930112150132, ""learning_rate"": 0.019290283335438713, ""max_depth"": 7, ""min_child_weight"": 2, ""n_estimators"": 450, ""reg_alpha"": 0.19556010220448183, ""reg_lambda"": 0.10662160568075979, ""subsample"": 0.9311514523508694}",450.0,0.019290283335438713,7.0,2.0,0.9311514523508694,0.8293145149634933,2.6453930112150132,0.19556010220448183,0.10662160568075979,,,,,
catboost,0,COMPLETE,0.9490815492840321,0.011456021812661341,"{""bagging_temperature"": 0.7799726016810132, ""depth"": 7, ""iterations"": 500, ""l2_leaf_reg"": 6.009974718380312, ""learning_rate"": 0.17254716573280354, ""random_strength"": 0.7800932022121826}",,0.17254716573280354,,,,,,,,500.0,7.0,6.009974718380312,0.7800932022121826,0.7799726016810132
catboost,1,COMPLETE,0.9482613754543703,0.008842254504181992,"{""bagging_temperature"": 4.8495492608099715, ""depth"": 7, ""iterations"": 200, ""l2_leaf_reg"": 8.341106432362084, ""learning_rate"": 0.13394334706750485, ""random_strength"": 0.10292247147901223}",,0.13394334706750485,,,,,,,,200.0,7.0,8.341106432362084,0.10292247147901223,4.8495492608099715
catboost,2,COMPLETE,0.9453571274330136,0.01369712588869731,"{""bagging_temperature"": 2.6237821581611893, ""depth"": 4, ""iterations"": 900, ""l2_leaf_reg"": 1.7322667470546256, ""learning_rate"": 0.018891200276189388, ""random_strength"": 1.5212112147976886}",,0.018891200276189388,,,,,,,,900.0,4.0,1.7322667470546256,1.5212112147976886,2.6237821581611893
catboost,3,COMPLETE,0.9458812297929317,0.014407615783941443,"{""bagging_temperature"": 1.8318092164684585, ""depth"": 7, ""iterations"": 550, ""l2_leaf_reg"": 1.5187479226722465, ""learning_rate"": 0.023927528765580644, ""random_strength"": 1.4607232426760908}",,0.023927528765580644,,,,,,,,550.0,7.0,1.5187479226722465,1.4607232426760908,1.8318092164684585
catboost,4,COMPLETE,0.9496601332408865,0.010316175973350078,"{""bagging_temperature"": 0.23225206359998862, ""depth"": 4, ""iterations"": 550, ""l2_leaf_reg"": 4.666963767236923, ""learning_rate"": 0.10508421338691762, ""random_strength"": 2.9620728443102124}",,0.10508421338691762,,,,,,,,550.0,4.0,4.666963767236923,2.9620728443102124,0.23225206359998862
catboost,5,COMPLETE,0.9371742646945496,0.01599096572244477,"{""bagging_temperature"": 4.041986740582305, ""depth"": 4, ""iterations"": 700, ""l2_leaf_reg"": 17.16044502975481, ""learning_rate"": 0.016666983286066417, ""random_strength"": 4.828160165372797}",,0.016666983286066417,,,,,,,,700.0,4.0,17.16044502975481,4.828160165372797,4.041986740582305
catboost,6,COMPLETE,0.9431305173003329,0.014728033219226182,"{""bagging_temperature"": 2.475884550556351, ""depth"": 7, ""iterations"": 450, ""l2_leaf_reg"": 3.738105868191796, ""learning_rate"": 0.013399060561509796, ""random_strength"": 0.6101911742238941}",,0.013399060561509796,,,,,,,,450.0,7.0,3.738105868191796,0.6101911742238941,2.475884550556351
catboost,7,COMPLETE,0.9478754055177241,0.010840532947705922,"{""bagging_temperature"": 2.600340105889054, ""depth"": 5, ""iterations"": 200, ""l2_leaf_reg"": 7.277150634170934, ""learning_rate"": 0.15242391728466367, ""random_strength"": 1.5585553804470549}",,0.15242391728466367,,,,,,,,200.0,5.0,7.277150634170934,1.5585553804470549,2.600340105889054
catboost,8,COMPLETE,0.9402709757827481,0.01665415552818823,"{""bagging_temperature"": 4.474136752138244, ""depth"": 8, ""iterations"": 650, ""l2_leaf_reg"": 10.196967939171484, ""learning_rate"": 0.017398074711291726, ""random_strength"": 4.697494707820946}",,0.017398074711291726,,,,,,,,650.0,8.0,10.196967939171484,4.697494707820946,4.474136752138244
catboost,9,COMPLETE,0.9492823955246467,0.008859126047234649,"{""bagging_temperature"": 1.6266516538163218, ""depth"": 4, ""iterations"": 700, ""l2_leaf_reg"": 1.7987863473362906, ""learning_rate"": 0.15826541904647565, ""random_strength"": 0.22613644455269033}",,0.15826541904647565,,,,,,,,700.0,4.0,1.7987863473362906,0.22613644455269033,1.6266516538163218
catboost,10,COMPLETE,0.9495011783717773,0.010371460853015949,"{""bagging_temperature"": 0.19362599980591577, ""depth"": 5, ""iterations"": 1000, ""l2_leaf_reg"": 3.3839536805038097, ""learning_rate"": 0.05334353369227191, ""random_strength"": 3.3013102196550235}",,0.05334353369227191,,,,,,,,1000.0,5.0,3.3839536805038097,3.3013102196550235,0.19362599980591577
catboost,11,COMPLETE,0.949984370520306,0.009221715382476306,"{""bagging_temperature"": 0.026546585467778272, ""depth"": 5, ""iterations"": 1000, ""l2_leaf_reg"": 3.118002845352228, ""learning_rate"": 0.06485618348127581, ""random_strength"": 3.23127328188482}",,0.06485618348127581,,,,,,,,1000.0,5.0,3.118002845352228,3.23127328188482,0.026546585467778272
catboost,12,COMPLETE,0.9486609929534937,0.01028877794541745,"{""bagging_temperature"": 0.02086247609846971, ""depth"": 5, ""iterations"": 850, ""l2_leaf_reg"": 3.422484556346635, ""learning_rate"": 0.06934616611366157, ""random_strength"": 3.13267123319201}",,0.06934616611366157,,,,,,,,850.0,5.0,3.422484556346635,3.13267123319201,0.02086247609846971
catboost,13,COMPLETE,0.9484685706161473,0.01241824187916016,"{""bagging_temperature"": 0.8434064033993218, ""depth"": 6, ""iterations"": 350, ""l2_leaf_reg"": 2.621976226868983, ""learning_rate"": 0.07004565560709528, ""random_strength"": 3.0453693171687224}",,0.07004565560709528,,,,,,,,350.0,6.0,2.621976226868983,3.0453693171687224,0.8434064033993218
catboost,14,COMPLETE,0.9484975889829093,0.010879582371585962,"{""bagging_temperature"": 0.8310211068199418, ""depth"": 5, ""iterations"": 850, ""l2_leaf_reg"": 5.244272522349878, ""learning_rate"": 0.041405305808410724, ""random_strength"": 3.9370332199723315}",,0.041405305808410724,,,,,,,,850.0,5.0,5.244272522349878,3.9370332199723315,0.8310211068199418
catboost,15,COMPLETE,0.948341223316857,0.011296056256254038,"{""bagging_temperature"": 0.43206780908612924, ""depth"": 6, ""iterations"": 1000, ""l2_leaf_reg"": 2.3989068550795345, ""learning_rate"": 0.09024429499007859, ""random_strength"": 2.4854269680542624}",,0.09024429499007859,,,,,,,,1000.0,6.0,2.3989068550795345,2.4854269680542624,0.43206780908612924
catboost,16,COMPLETE,0.94032842219112,0.015178539582167947,"{""bagging_temperature"": 1.4469269115194994, ""depth"": 4, ""iterations"": 350, ""l2_leaf_reg"": 1.0284752698648407, ""learning_rate"": 0.03419166247862353, ""random_strength"": 2.2105312643369794}",,0.03419166247862353,,,,,,,,350.0,4.0,1.0284752698648407,2.2105312643369794,1.4469269115194994
catboost,17,COMPLETE,0.9479103967073644,0.011210469001405203,"{""bagging_temperature"": 1.0878510824440035, ""depth"": 6, ""iterations"": 600, ""l2_leaf_reg"": 13.046426687549184, ""learning_rate"": 0.105383388108341, ""random_strength"": 3.96182050863101}",,0.105383388108341,,,,,,,,600.0,6.0,13.046426687549184,3.96182050863101,1.0878510824440035
catboost,18,COMPLETE,0.9487971566811005,0.011299608869279252,"{""bagging_temperature"": 0.13022257529625847, ""depth"": 5, ""iterations"": 750, ""l2_leaf_reg"": 4.734736393682123, ""learning_rate"": 0.10378980686264029, ""random_strength"": 3.870494533280725}",,0.10378980686264029,,,,,,,,750.0,5.0,4.734736393682123,3.870494533280725,0.13022257529625847
catboost,19,COMPLETE,0.9395928055905323,0.014681919116582875,"{""bagging_temperature"": 2.028094982910864, ""depth"": 4, ""iterations"": 350, ""l2_leaf_reg"": 2.6137109104565415, ""learning_rate"": 0.03370042899844052, ""random_strength"": 2.408281850813539}",,0.03370042899844052,,,,,,,,350.0,4.0,2.6137109104565415,2.408281850813539,2.028094982910864
catboost,20,COMPLETE,0.9487270536413563,0.01047164495355618,"{""bagging_temperature"": 3.4925385379860128, ""depth"": 6, ""iterations"": 800, ""l2_leaf_reg"": 4.109622108947, ""learning_rate"": 0.05731641793024806, ""random_strength"": 3.5136795249572486}",,0.05731641793024806,,,,,,,,800.0,6.0,4.109622108947,3.5136795249572486,3.4925385379860128
catboost,21,COMPLETE,0.9499575568199322,0.008721467941781918,"{""bagging_temperature"": 0.3418251355973778, ""depth"": 5, ""iterations"": 1000, ""l2_leaf_reg"": 3.216947639735491, ""learning_rate"": 0.049636412392592456, ""random_strength"": 2.868447337527959}",,0.049636412392592456,,,,,,,,1000.0,5.0,3.216947639735491,2.868447337527959,0.3418251355973778
catboost,22,COMPLETE,0.9510378592018908,0.008613915055139433,"{""bagging_temperature"": 0.4908515732450751, ""depth"": 5, ""iterations"": 950, ""l2_leaf_reg"": 6.185788586514097, ""learning_rate"": 0.07598838485713386, ""random_strength"": 2.669371508008616}",,0.07598838485713386,,,,,,,,950.0,5.0,6.185788586514097,2.669371508008616,0.4908515732450751
catboost,23,COMPLETE,0.9499527681016193,0.011067317644331552,"{""bagging_temperature"": 1.2126449467842506, ""depth"": 5, ""iterations"": 950, ""l2_leaf_reg"": 7.314078403242048, ""learning_rate"": 0.04248157134330249, ""random_strength"": 2.6926453530661325}",,0.04248157134330249,,,,,,,,950.0,5.0,7.314078403242048,2.6926453530661325,1.2126449467842506
catboost,24,COMPLETE,0.9497408261307385,0.008961607231416811,"{""bagging_temperature"": 0.6480913236336463, ""depth"": 5, ""iterations"": 950, ""l2_leaf_reg"": 2.2067984192197905, ""learning_rate"": 0.07306256199216009, ""random_strength"": 2.011428081055051}",,0.07306256199216009,,,,,,,,950.0,5.0,2.2067984192197905,2.011428081055051,0.6480913236336463
catboost,25,COMPLETE,0.9483525867838619,0.009454861271279251,"{""bagging_temperature"": 0.4342614820278853, ""depth"": 6, ""iterations"": 900, ""l2_leaf_reg"": 3.129603982988574, ""learning_rate"": 0.055632743994217804, ""random_strength"": 3.583666639366403}",,0.055632743994217804,,,,,,,,900.0,6.0,3.129603982988574,3.583666639366403,0.4342614820278853
catboost,26,COMPLETE,0.9468206579561904,0.012716564830394975,"{""bagging_temperature"": 1.1821926936237617, ""depth"": 5, ""iterations"": 1000, ""l2_leaf_reg"": 5.950870238097469, ""learning_rate"": 0.026059165357450828, ""random_strength"": 4.361042121424203}",,0.026059165357450828,,,,,,,,1000.0,5.0,5.950870238097469,4.361042121424203,1.1821926936237617
catboost,27,COMPLETE,0.9497214777962052,0.011100602281574574,"{""bagging_temperature"": 0.5153379741849733, ""depth"": 6, ""iterations"": 900, ""l2_leaf_reg"": 10.915321702692047, ""learning_rate"": 0.04543282591201213, ""random_strength"": 1.9082470579890696}",,0.04543282591201213,,,,,,,,900.0,6.0,10.915321702692047,1.9082470579890696,0.5153379741849733
catboost,28,COMPLETE,0.950393011707739,0.010870738401523847,"{""bagging_temperature"": 0.8996348448917503, ""depth"": 5, ""iterations"": 800, ""l2_leaf_reg"": 19.378438231952888, ""learning_rate"": 0.077747803856828, ""random_strength"": 2.7262863413615768}",,0.077747803856828,,,,,,,,800.0,5.0,19.378438231952888,2.7262863413615768,0.8996348448917503
catboost,29,COMPLETE,0.9499322032576261,0.009638504829400702,"{""bagging_temperature"": 0.8102845891385796, ""depth"": 5, ""iterations"": 750, ""l2_leaf_reg"": 1.0899033397937021, ""learning_rate"": 0.19848978742652895, ""random_strength"": 2.652711146554133}",,0.19848978742652895,,,,,,,,750.0,5.0,1.0899033397937021,2.652711146554133,0.8102845891385796
catboost,30,COMPLETE,0.9498505699722001,0.010234721913471028,"{""bagging_temperature"": 2.1638474021973537, ""depth"": 6, ""iterations"": 800, ""l2_leaf_reg"": 17.10969149843409, ""learning_rate"": 0.07683904775259788, ""random_strength"": 3.639100561574646}",,0.07683904775259788,,,,,,,,800.0,6.0,17.10969149843409,3.639100561574646,2.1638474021973537
catboost,31,COMPLETE,0.9495405064659593,0.010326748856509324,"{""bagging_temperature"": 1.0844493630517449, ""depth"": 5, ""iterations"": 950, ""l2_leaf_reg"": 19.596359776530885, ""learning_rate"": 0.0904302488760805, ""random_strength"": 2.830490167548361}",,0.0904302488760805,,,,,,,,950.0,5.0,19.596359776530885,2.830490167548361,1.0844493630517449
catboost,32,COMPLETE,0.9499969236008197,0.011136428611365731,"{""bagging_temperature"": 0.4920571984109247, ""depth"": 5, ""iterations"": 850, ""l2_leaf_reg"": 13.691554925809596, ""learning_rate"": 0.05808381432960489, ""random_strength"": 3.255825808551343}",,0.05808381432960489,,,,,,,,850.0,5.0,13.691554925809596,3.255825808551343,0.4920571984109247
catboost,33,COMPLETE,0.9486652293848961,0.011702828337294014,"{""bagging_temperature"": 0.006544452422659663, ""depth"": 4, ""iterations"": 850, ""l2_leaf_reg"": 9.924788468718141, ""learning_rate"": 0.12041921127206404, ""random_strength"": 3.3667506506635005}",,0.12041921127206404,,,,,,,,850.0,4.0,9.924788468718141,3.3667506506635005,0.006544452422659663
catboost,34,COMPLETE,0.948938862941827,0.010415340046010123,"{""bagging_temperature"": 1.5404101360674276, ""depth"": 5, ""iterations"": 800, ""l2_leaf_reg"": 12.317346618288582, ""learning_rate"": 0.06289278476581739, ""random_strength"": 2.289216411159984}",,0.06289278476581739,,,,,,,,800.0,5.0,12.317346618288582,2.289216411159984,1.5404101360674276
catboost,35,COMPLETE,0.9496967677140269,0.0105908360714638,"{""bagging_temperature"": 0.6917462995429723, ""depth"": 4, ""iterations"": 900, ""l2_leaf_reg"": 14.420010160766367, ""learning_rate"": 0.08595933098813355, ""random_strength"": 1.1770924261068305}",,0.08595933098813355,,,,,,,,900.0,4.0,14.420010160766367,1.1770924261068305,0.6917462995429723
catboost,36,COMPLETE,0.9338507367441059,0.01755968836224117,"{""bagging_temperature"": 0.9691174509254585, ""depth"": 5, ""iterations"": 900, ""l2_leaf_reg"": 8.361281603781062, ""learning_rate"": 0.010275332153791766, ""random_strength"": 4.393567145262337}",,0.010275332153791766,,,,,,,,900.0,5.0,8.361281603781062,4.393567145262337,0.9691174509254585
catboost,37,COMPLETE,0.9477273442536216,0.012667029729539573,"{""bagging_temperature"": 1.3783992794038145, ""depth"": 6, ""iterations"": 750, ""l2_leaf_reg"": 16.02035059819418, ""learning_rate"": 0.03737412588217374, ""random_strength"": 1.787489626245338}",,0.03737412588217374,,,,,,,,750.0,6.0,16.02035059819418,1.787489626245338,1.3783992794038145
catboost,38,COMPLETE,0.9497210523053434,0.009278606007060944,"{""bagging_temperature"": 3.2060108774699074, ""depth"": 4, ""iterations"": 950, ""l2_leaf_reg"": 8.650018251221853, ""learning_rate"": 0.13720344593535125, ""random_strength"": 3.1233500502980083}",,0.13720344593535125,,,,,,,,950.0,4.0,8.650018251221853,3.1233500502980083,3.2060108774699074
catboost,39,COMPLETE,0.9481483504138138,0.013227893601299907,"{""bagging_temperature"": 0.5186386327271488, ""depth"": 8, ""iterations"": 850, ""l2_leaf_reg"": 7.080223339503727, ""learning_rate"": 0.02830744654180151, ""random_strength"": 2.5591333822167663}",,0.02830744654180151,,,,,,,,850.0,8.0,7.080223339503727,2.5591333822167663,0.5186386327271488
